[
    {
        "title": "Netanyahu says Iran will pay for missile attack, as Israel sends more troops into Lebanon",
        "content": "Hezbollah says it repelled an Israeli ground attack in southern Lebanon, close to the border, on Wednesday."
    },
    {
        "title": "Bowen: Iran wanted to do real damage, and Israel's response may not be as restrained as last time",
        "content": "Iran last attacked Israel back in April, but this time the Israeli response could be very different."
    },
    {
        "title": "First came the alert message, then the boom of interceptions",
        "content": "As missiles lit up the skies above Israel, our reporter Alice Cuddy reported from a safe room in Jerusalem. "
    },
    {
        "title": "What we know about Iran's missile attack on Israel",
        "content": "Iran has launched a missile attack against Israel in retaliation for the killing of militant leaders allied to Tehran."
    },
    {
        "title": "Video shows Iran's missile attack on Israel",
        "content": "A statement on Iranian state TV confirmed \"dozens\" of missiles have been launched towards Israel."
    },
    {
        "title": "'The country is lost': Fear and uncertainty in Lebanon as Israel invades",
        "content": "Many in Lebanon believe the country has been dragged into a war it hasn't chosen to fight. "
    },
    {
        "title": "Vance and Walz stick to policy in polite VP debate - but who won?",
        "content": "The restrained encounter was a stark contrast to the fiery Harris-Trump showdown, writes Anthony Zurcher."
    },
    {
        "title": "Watch key moments from the showdown",
        "content": "Vance and Walz tackled questions on immigration, abortion and democracy in the mostly civil event."
    },
    {
        "title": "Sean 'Diddy' Combs faces more than 100 new assault allegations",
        "content": "New alleged victims are to sue to the hip-hop mogul, who denies all allegations of wrongdoing."
    },
    {
        "title": "Trudeau survives second parliamentary confidence vote",
        "content": "The prime minister's struggling Liberals are expected to face a series of votes aimed at toppling the government this autumn."
    },
    {
        "title": "Defector tries returning to North Korea on stolen bus",
        "content": "South Korean police detained the man after he crashed the bus near a heavily guarded border."
    },
    {
        "title": "Watch key moments from the showdown",
        "content": "Vance and Walz tackled questions on immigration, abortion and democracy in the mostly civil event."
    },
    {
        "title": "'It was respectable': Midwest voters praise tone of head-to-head",
        "content": "Voters were happy to see a congenial tone from the candidates in the first and only vice-presidential debate. "
    },
    {
        "title": "Immigration, Project 2025, taxes - debate claims fact-checked",
        "content": "BBC Verify examines claims made live on TV by Vance and Walz during their head-to-head."
    },
    {
        "title": "Helene's devastating impact in 100 seconds",
        "content": "Helene ravages six southeastern US states, leaving at least 135 dead and entire communities destroyed."
    },
    {
        "title": "Sean 'Diddy' Combs faces more than 100 new assault allegations",
        "content": "New alleged victims are to sue to the hip-hop mogul, who denies all allegations of wrongdoing."
    },
    {
        "title": "Muted mics and politeness - six takeaways from Vance v Walz",
        "content": "The pair focused their attacks on Harris and Trump's plans on the economy, immigration and abortion."
    },
    {
        "title": "Watch: Who do you think won the debate?",
        "content": "The BBC asks college students what they thought of Vance and Walz’s performance."
    },
    {
        "title": "Walz says he 'misspoke' in personal story about Tiananmen Square",
        "content": "\"I’m a knucklehead at times,\" the Democratic running mate says, conceding he was in the US when Chinese forces crushed protests."
    },
    {
        "title": "Watch: 'Human emotion and kindness shone through'",
        "content": "The BBC's North America correspondent Anthony Zurcher says the vice-presidential candidates found common ground."
    },
    {
        "title": "US election polls: Who is ahead - Harris or Trump?",
        "content": "An in-depth look at the polls and what they can and can’t tell us about who will win the White House."
    },
    {
        "title": "Migrants with criminal records - what new US data shows",
        "content": "BBC Verify looks into Donald Trump's claim that Kamala Harris “allowed” 13,000 non-citizens convicted of homicide to enter the US."
    },
    {
        "title": "Blunt and bold - Kenya's 'truth speaker' faces the sack",
        "content": "Kenya's deputy president, who faces impeachment, branded himself as \"the truthful man\". "
    },
    {
        "title": "Why was Hurricane Helene so damaging? ",
        "content": "September's storm in the south-eastern US produced phenomenal rainfall. Why was it so destructive so far inland? "
    },
    {
        "title": "Autistic MI5 officer: ‘Keeping secrets is never an issue’",
        "content": "The BBC is given rare access to MI5 HQ in London, to meet a neurodivergent intelligence officer."
    },
    {
        "title": "McDonald’s and big supermarkets failed to spot slavery, BBC finds",
        "content": "Red flags went undetected as victims worked at a restaurant and a supermarket supplier, BBC finds."
    },
    {
        "title": "Blunt and bold - Kenya's 'truth speaker' faces the sack",
        "content": "Kenya's deputy president, who faces impeachment, branded himself as \"the truthful man\". "
    },
    {
        "title": "Behind the scenes of Heartstopper series three",
        "content": "The next series of the Netflix sensation is being released on 3 October."
    },
    {
        "title": "India's iconic tramcars set to ride into Kolkata sunset",
        "content": "Kolkata's iconic trams are in danger of being shut down entirely. But activists are fighting back."
    },
    {
        "title": "Why was Hurricane Helene so damaging? ",
        "content": "September's storm in the south-eastern US produced phenomenal rainfall. Why was it so destructive so far inland? "
    }
]